repo_name,repo_owner,full_name,repo_url,description,created_at,updated_at,language_primary,topics,stars_count,forks_count
Microsoft-Activation-Scripts,massgravel,massgravel/Microsoft-Activation-Scripts,https://github.com/massgravel/Microsoft-Activation-Scripts,"Open-source Windows and Office activator featuring HWID, Ohook, TSforge, KMS38, and Online KMS activation methods, along with advanced troubleshooting.",2020-01-12T23:03:34Z,2025-10-29T18:52:22Z,Batchfile,"activator,hwid,kms,kms38,massgrave,massgravel,microsoft,microsoft365,office,office365,ohook,powershell,tsforge,windows,windows-10,windows-11",154163,14872,,,,,,,,,
tensorflow,tensorflow,tensorflow/tensorflow,https://github.com/tensorflow/tensorflow,An Open Source Machine Learning Framework for Everyone,2015-11-07T01:19:20Z,2025-10-29T18:02:38Z,C++,"deep-learning,deep-neural-networks,distributed,machine-learning,ml,neural-network,python,tensorflow",192254,74936,,,,,,,,,
the-book-of-secret-knowledge,trimstray,trimstray/the-book-of-secret-knowledge,https://github.com/trimstray/the-book-of-secret-knowledge,"A collection of inspiring lists, manuals, cheatsheets, blogs, hacks, one-liners, cli/web tools and more.",2018-06-23T10:43:14Z,2025-10-29T19:13:29Z,,"awesome,awesome-list,bsd,cheatsheets,devops,guidelines,hacking,hacks,howtos,linux,lists,manuals,one-liners,pentesters,resources,search-engines,security,security-researchers,sysops",191664,11766,,,,,,,,,
project-based-learning,practical-tutorials,practical-tutorials/project-based-learning,https://github.com/practical-tutorials/project-based-learning,Curated list of project-based tutorials,2017-04-12T05:07:46Z,2025-10-29T18:50:00Z,,"beginner-project,cpp,golang,javascript,project,python,tutorial,webdevelopment",248201,32447,,,,,,,,,
free-programming-books-zh_CN,justjavac,justjavac/free-programming-books-zh_CN,https://github.com/justjavac/free-programming-books-zh_CN,:books: ÂÖçË¥πÁöÑËÆ°ÁÆóÊú∫ÁºñÁ®ãÁ±ª‰∏≠Êñá‰π¶Á±çÔºåÊ¨¢ËøéÊäïÁ®ø,2013-11-04T01:59:19Z,2025-10-29T17:27:42Z,,"android,angular,books,free,ios,javascript,kotlin,pdf,programming,python,react,react-native,swift,vue",115557,28361,,,,,,,,,
computer-science,ossu,ossu/computer-science,https://github.com/ossu/computer-science,üéì Path to a free self-taught education in Computer Science!,2014-05-04T00:18:39Z,2025-10-29T18:51:19Z,HTML,"awesome-list,computer-science,courses,curriculum",196137,24474,,,,,,,,,
fucking-algorithm,labuladong,labuladong/fucking-algorithm,https://github.com/labuladong/fucking-algorithm,"Âà∑ÁÆóÊ≥ïÂÖ®Èù†Â•óË∑ØÔºåËÆ§ÂáÜ labuladong Â∞±Â§ü‰∫ÜÔºÅEnglish version supported! Crack LeetCode, not only how, but also why. ",2020-02-19T09:01:23Z,2025-10-29T16:01:51Z,Markdown,"algorithms,computer-science,data-structures,dynamic-programming,dynamic-programming-algorithm,interview-questions,kmp,leetcode",129688,23453,,,,,,,,,
scrcpy,Genymobile,Genymobile/scrcpy,https://github.com/Genymobile/scrcpy,Display and control your Android device,2017-11-21T18:00:27Z,2025-10-29T17:30:46Z,C,"android,c,ffmpeg,libav,mirroring,recording,screen,sdl2",130350,12199,,,,,,,,,
the-art-of-command-line,jlevy,jlevy/the-art-of-command-line,https://github.com/jlevy/the-art-of-command-line,"Master the command line, in one page",2015-05-20T15:11:03Z,2025-10-29T16:36:17Z,,"bash,documentation,linux,macos,unix,windows",158620,14753,,,,,,,,,
build-your-own-x,codecrafters-io,codecrafters-io/build-your-own-x,https://github.com/codecrafters-io/build-your-own-x,Master programming by recreating your favorite technologies from scratch.,2018-05-09T12:03:18Z,2025-10-29T19:10:58Z,Markdown,"awesome-list,free,programming,tutorial-code,tutorial-exercises,tutorials",431559,40506,,,,,,,,,
tech-interview-handbook,yangshun,yangshun/tech-interview-handbook,https://github.com/yangshun/tech-interview-handbook,üíØ Curated coding interview preparation materials for busy software engineers,2016-07-05T05:00:48Z,2025-10-29T17:04:33Z,TypeScript,"algorithm,algorithm-interview,algorithm-interview-questions,algorithms,behavioral-interviews,coding-interviews,interview-practice,interview-preparation,interview-questions,system-design",131455,15948,,,,,,,,,
CS-Notes,CyC2018,CyC2018/CS-Notes,https://github.com/CyC2018/CS-Notes,:books: ÊäÄÊúØÈù¢ËØïÂøÖÂ§áÂü∫Á°ÄÁü•ËØÜ„ÄÅLeetcode„ÄÅËÆ°ÁÆóÊú∫Êìç‰ΩúÁ≥ªÁªü„ÄÅËÆ°ÁÆóÊú∫ÁΩëÁªú„ÄÅÁ≥ªÁªüËÆæËÆ°,2018-02-13T14:56:24Z,2025-10-29T15:17:32Z,,"algorithm,computer-science,cpp,interview,java,leetcode,python,system-design",182673,51255,,,,,,,,,
system-design-primer,donnemartin,donnemartin/system-design-primer,https://github.com/donnemartin/system-design-primer,Learn how to design large-scale systems. Prep for the system design interview.  Includes Anki flashcards.,2017-02-26T16:15:28Z,2025-10-29T18:12:08Z,Python,"design,design-patterns,design-system,development,interview,interview-practice,interview-questions,programming,python,system,web,web-application,webapp",324614,52922,,,,,,,,,
awesome-chatgpt-prompts,f,f/awesome-chatgpt-prompts,https://github.com/f/awesome-chatgpt-prompts,This repo includes ChatGPT prompt curation to use ChatGPT and other LLM tools better.,2022-12-05T13:54:13Z,2025-10-29T18:59:40Z,JavaScript,"bots,chatbot,chatgpt,chatgpt-api,language",135898,18086,,,,,,,,,
You-Dont-Know-JS,getify,getify/You-Dont-Know-JS,https://github.com/getify/You-Dont-Know-JS,A book series (2 published editions) on the JS language.,2013-11-16T02:37:24Z,2025-10-29T17:46:19Z,,"async,book,book-series,closures,education,es2015,es6,javascript,learn-to-code,programming,prototypes,training-materials,training-providers",183671,33669,,,,,,,,,
flutter,flutter,flutter/flutter,https://github.com/flutter/flutter,Flutter makes it easy and fast to build beautiful apps for mobile and beyond,2015-03-06T22:54:58Z,2025-10-29T18:56:06Z,Dart,"android,app-framework,cross-platform,dart,dart-platform,desktop,flutter,flutter-package,fuchsia,ios,linux-desktop,macos,material-design,mobile,mobile-development,skia,web,web-framework,windows",173605,29423,,,,,,,,,
javascript-algorithms,trekhleb,trekhleb/javascript-algorithms,https://github.com/trekhleb/javascript-algorithms,üìù Algorithms and data structures implemented in JavaScript with explanations and links to further readings,2018-03-24T07:47:04Z,2025-10-29T18:08:59Z,JavaScript,"algorithm,algorithms,computer-science,data-structures,interview,interview-preparation,javascript,javascript-algorithms",193808,30932,,,,,,,,,
coding-interview-university,jwasham,jwasham/coding-interview-university,https://github.com/jwasham/coding-interview-university,A complete computer science study plan to become a software engineer.,2016-06-06T02:34:12Z,2025-10-29T19:06:43Z,,"algorithm,algorithms,coding-interview,coding-interviews,computer-science,data-structures,interview,interview-prep,interview-preparation,programming-interviews,software-engineering,study-plan",331994,81059,,,,,,,,,
hello-algo,krahets,krahets/hello-algo,https://github.com/krahets/hello-algo,"„ÄäHello ÁÆóÊ≥ï„ÄãÔºöÂä®ÁîªÂõæËß£„ÄÅ‰∏ÄÈîÆËøêË°åÁöÑÊï∞ÊçÆÁªìÊûÑ‰∏éÁÆóÊ≥ïÊïôÁ®ã„ÄÇÊîØÊåÅ Python, Java, C++, C, C#, JS, Go, Swift, Rust, Ruby, Kotlin, TS, Dart ‰ª£Á†Å„ÄÇÁÆÄ‰ΩìÁâàÂíåÁπÅ‰ΩìÁâàÂêåÊ≠•Êõ¥Êñ∞ÔºåEnglish version in translation",2022-11-04T11:08:34Z,2025-10-29T19:00:31Z,Java,"algo,algorithm,algorithms,book,data-structure,data-structures,data-structures-and-algorithms,dsa,education,leetcode,programming",118123,14506,,,,,,,,,
DeepSeek-V3,deepseek-ai,deepseek-ai/DeepSeek-V3,https://github.com/deepseek-ai/DeepSeek-V3,,2024-12-26T09:52:40Z,2025-10-29T18:03:29Z,Python,,100055,16315,,,,,,,,,
Awesome-Hacking,Hack-with-Github,Hack-with-Github/Awesome-Hacking,https://github.com/Hack-with-Github/Awesome-Hacking,"A collection of various awesome lists for hackers, pentesters and security researchers",2016-03-30T15:47:10Z,2025-10-29T18:57:09Z,,"android,awesome,bug-bounty,fuzzing,hacking,penetration-testing,pentesting-windows,reverse-engineering,security",99821,9636,,,,,,,,,
d3,d3,d3/d3,https://github.com/d3/d3,"Bring data to life with SVG, Canvas and HTML. :bar_chart::chart_with_upwards_trend::tada:",2010-09-27T17:22:42Z,2025-10-29T18:55:36Z,Shell,"chart,charts,d3,data-visualization,svg,visualization",111695,22848,,,,,,,,,
nodebestpractices,goldbergyoni,goldbergyoni/nodebestpractices,https://github.com/goldbergyoni/nodebestpractices,:white_check_mark:  The Node.js best practices list (July 2024),2017-09-15T08:33:19Z,2025-10-29T17:27:51Z,Dockerfile,"best-practices,es6,eslint,express,expressjs,javascript,jest,microservices,mocha,node-js,nodejs,nodejs-development,npm,rest,style-guide,styleguide,testing,types",104467,10626,,,,,,,,,
papers-we-love,papers-we-love,papers-we-love/papers-we-love,https://github.com/papers-we-love/papers-we-love,Papers from the computer science community to read and discuss.,2013-12-15T14:31:41Z,2025-10-29T18:55:33Z,Shell,"awesome,computer-science,meetup,papers,programming,read-papers,theory",99700,6144,,,,,,,,,
JavaGuide,Snailclimb,Snailclimb/JavaGuide,https://github.com/Snailclimb/JavaGuide,„ÄåJavaÂ≠¶‰π†+Èù¢ËØïÊåáÂçó„Äç‰∏Ä‰ªΩÊ∂µÁõñÂ§ßÈÉ®ÂàÜ Java Á®ãÂ∫èÂëòÊâÄÈúÄË¶ÅÊéåÊè°ÁöÑÊ†∏ÂøÉÁü•ËØÜ„ÄÇÂáÜÂ§á Java Èù¢ËØïÔºåÈ¶ñÈÄâ JavaGuideÔºÅ,2018-05-07T13:27:00Z,2025-10-29T15:20:13Z,Java,"algorithms,interview,java,jvm,mysql,redis,spring,system,system-design,zookeeper",152337,46025,,,,,,,,,
javascript,airbnb,airbnb/javascript,https://github.com/airbnb/javascript,JavaScript Style Guide,2012-11-01T23:13:50Z,2025-10-29T17:19:47Z,JavaScript,"arrow-functions,es2015,es2016,es2017,es2018,es6,eslint,javascript,linting,naming-conventions,style-guide,style-linter,styleguide,tc39",147714,26793,,,,,,,,,
generative-ai-for-beginners,microsoft,microsoft/generative-ai-for-beginners,https://github.com/microsoft/generative-ai-for-beginners,"21 Lessons, Get Started Building with Generative AI ",2023-06-19T16:28:59Z,2025-10-29T18:33:14Z,Jupyter Notebook,"ai,azure,chatgpt,dall-e,generative-ai,generativeai,gpt,language-model,llms,microsoft-for-beginners,openai,prompt-engineering,semantic-search,transformers",101120,53589,,,,,,,,,
30-seconds-of-code,Chalarangelo,Chalarangelo/30-seconds-of-code,https://github.com/Chalarangelo/30-seconds-of-code,Coding articles to level up your development skills,2017-11-29T17:35:03Z,2025-10-29T19:08:06Z,JavaScript,"astro,awesome-list,css,education,es6-javascript,git,html,javascript,learn-to-code,learning-resources,nodejs,programming,snippets",125652,12363,,,,,,,,,
996.ICU,996icu,996icu/996.ICU,https://github.com/996icu/996.ICU,Repo for counting stars and contributing. Press F to pay respect to glorious developers.,2019-03-26T07:31:14Z,2025-10-29T17:03:18Z,,,274714,21027,,,,,,,,,
awesome,sindresorhus,sindresorhus/awesome,https://github.com/sindresorhus/awesome,üòé Awesome lists about all kinds of interesting topics,2014-07-11T13:42:37Z,2025-10-29T19:13:37Z,,"awesome,awesome-list,lists,resources,unicorns",410354,32035,,,,,,,,,
frp,fatedier,fatedier/frp,https://github.com/fatedier/frp,A fast reverse proxy to help you expose a local server behind a NAT or firewall to the internet.,2015-12-21T15:24:59Z,2025-10-29T18:57:55Z,Go,"expose,firewall,frp,go,http-proxy,nat,p2p,proxy,reverse-proxy,tunnel",100107,14570,,,,,,,,,
awesome-python,vinta,vinta/awesome-python,https://github.com/vinta/awesome-python,"An opinionated list of awesome Python frameworks, libraries, software and resources.",2014-06-27T21:00:06Z,2025-10-29T19:13:54Z,Python,"awesome,collections,python,python-framework,python-library,python-resources",266878,26604,,,,,,,,,
every-programmer-should-know,mtdvio,mtdvio/every-programmer-should-know,https://github.com/mtdvio/every-programmer-should-know,A collection of (mostly) technical things every software developer should know about,2017-08-24T13:18:26Z,2025-10-29T17:25:18Z,,"cc-by,collection,computer-science,educational,novice",93862,8437,,,,,,,,,
clean-code-javascript,ryanmcdermott,ryanmcdermott/clean-code-javascript,https://github.com/ryanmcdermott/clean-code-javascript,Clean Code concepts adapted for JavaScript,2016-11-25T22:25:41Z,2025-10-29T17:27:53Z,JavaScript,"best-practices,clean-architecture,clean-code,composition,inheritance,javascript,principles",93963,12494,,,,,,,,,
system-prompts-and-models-of-ai-tools,x1xhlol,x1xhlol/system-prompts-and-models-of-ai-tools,https://github.com/x1xhlol/system-prompts-and-models-of-ai-tools,"FULL Augment Code, Claude Code, Cluely, CodeBuddy, Comet, Cursor, Devin AI, Junie, Kiro, Leap.new, Lovable, Manus Agent Tools, NotionAI, Orchids.app, Perplexity, Poke, Qoder, Replit, Same.dev, Trae, Traycer AI, VSCode Agent, Warp.dev, Windsurf, Xcode, Z.ai Code, dia & v0. (And other Open Sourced) System Prompts, Internal Tools & AI Models",2025-03-05T16:38:29Z,2025-10-29T19:10:34Z,,"ai,bolt,cluely,copilot,cursor,cursorai,devin,github-copilot,lovable,open-source,perplexity,replit,system-prompts,trae,trae-ai,trae-ide,v0,vscode,windsurf,windsurf-ai",93607,25277,,,,,,,,,
thefuck,nvbn,nvbn/thefuck,https://github.com/nvbn/thefuck,Magnificent app which corrects your previous console command.,2015-04-08T15:08:04Z,2025-10-29T19:15:21Z,Python,"python,shell",94509,3791,,,,,,,,,
HowToCook,Anduin2017,Anduin2017/HowToCook,https://github.com/Anduin2017/HowToCook,Á®ãÂ∫èÂëòÂú®ÂÆ∂ÂÅöÈ•≠ÊñπÊ≥ïÊåáÂçó„ÄÇProgrammer's guide about how to cook at home (Simplified Chinese only).,2020-02-29T10:43:49Z,2025-10-29T19:02:47Z,Dockerfile,"chinese,cookbook,cooking,dishes,recipes",95473,10655,,,,,,,,,
DeepSeek-R1,deepseek-ai,deepseek-ai/DeepSeek-R1,https://github.com/deepseek-ai/DeepSeek-R1,,2025-01-20T11:57:28Z,2025-10-29T17:10:07Z,,,91410,11772,,,,,,,,,
vue,vuejs,vuejs/vue,https://github.com/vuejs/vue,"This is the repo for Vue 2. For Vue 3, go to https://github.com/vuejs/core",2013-07-29T03:24:51Z,2025-10-29T17:27:19Z,TypeScript,"framework,frontend,javascript,vue",209645,33795,,,,,,,,,
awesome-selfhosted,awesome-selfhosted,awesome-selfhosted/awesome-selfhosted,https://github.com/awesome-selfhosted/awesome-selfhosted,A list of Free Software network services and web applications which can be hosted on your own servers,2015-06-01T02:33:17Z,2025-10-29T19:12:58Z,,"awesome,awesome-list,cloud,free-software,hosting,privacy,self-hosted,selfhosted",255362,11807,,,,,,,,,
axios,axios,axios/axios,https://github.com/axios/axios,Promise based HTTP client for the browser and node.js,2014-08-18T22:30:27Z,2025-10-29T19:10:46Z,JavaScript,"hacktoberfest,http-client,javascript,nodejs,promise",108044,11378,,,,,,,,,
stable-diffusion-webui,AUTOMATIC1111,AUTOMATIC1111/stable-diffusion-webui,https://github.com/AUTOMATIC1111/stable-diffusion-webui,Stable Diffusion web UI,2022-08-22T14:05:26Z,2025-10-29T19:12:07Z,Python,"ai,ai-art,deep-learning,diffusion,gradio,image-generation,image2image,img2img,pytorch,stable-diffusion,text2image,torch,txt2img,unstable,upscaling,web",157676,29250,,,,,,,,,
pytorch,pytorch,pytorch/pytorch,https://github.com/pytorch/pytorch,Tensors and Dynamic neural networks in Python with strong GPU acceleration,2016-08-13T05:26:41Z,2025-10-29T18:31:06Z,Python,"autograd,deep-learning,gpu,machine-learning,neural-network,numpy,python,tensor",94371,25698,,,,,,,,,
free-for-dev,ripienaar,ripienaar/free-for-dev,https://github.com/ripienaar/free-for-dev,"A list of SaaS, PaaS and IaaS offerings that have free tiers of interest to devops and infradev",2015-03-18T21:06:26Z,2025-10-29T18:57:57Z,HTML,"awesome-list,free-for-developers",114165,11689,,,,,,,,,
awesome-mac,jaywcjlove,jaywcjlove/awesome-mac,https://github.com/jaywcjlove/awesome-mac,"Ô£ø Now we have become very big, Different from the original idea. Collect premium software in various categories.",2016-07-17T15:33:47Z,2025-10-29T19:15:44Z,JavaScript,"app,apple,application,apps,awesome,awesome-list,awesome-lists,awesome-mac,desktop-app,desktop-application,desktop-apps,list,mac,mac-osx,macos,macos-app,macos-apps,macosx,software",92043,6962,,,,,,,,,
vue-element-admin,PanJiaChen,PanJiaChen/vue-element-admin,https://github.com/PanJiaChen/vue-element-admin,:tada: A magical vue admin                                                                https://panjiachen.github.io/vue-element-admin,2017-04-17T03:35:49Z,2025-10-29T14:18:42Z,Vue,"admin,admin-dashboard,admin-template,axios,dashboard,desktop,element,element-ui,i18n,management-system,mock,tinymce,vue,vue-admin,vue-cli,vuex,webpack,webpack4,xlsx",90050,30643,,,,,,,,,
Web-Dev-For-Beginners,microsoft,microsoft/Web-Dev-For-Beginners,https://github.com/microsoft/Web-Dev-For-Beginners,"24 Lessons, 12 Weeks, Get Started as a Web Developer",2020-11-10T02:44:00Z,2025-10-29T18:58:09Z,JavaScript,"css,curriculum,education,html,javascript,learning,microsoft-for-beginners,tutorials",92661,14373,,,,,,,,,
public-apis,public-apis,public-apis/public-apis,https://github.com/public-apis/public-apis,A collective list of free APIs,2016-03-20T23:49:42Z,2025-10-29T19:11:28Z,Python,"api,apis,dataset,development,free,list,lists,open-source,public,public-api,public-apis,resources,software",374453,39526,,,,,,,,,
whisper,openai,openai/whisper,https://github.com/openai/whisper,Robust Speech Recognition via Large-Scale Weak Supervision,2022-09-16T20:02:54Z,2025-10-29T18:53:24Z,Python,,90096,11276,,,,,,,,,
ollama,ollama,ollama/ollama,https://github.com/ollama/ollama,"Get up and running with OpenAI gpt-oss, DeepSeek-R1, Gemma 3 and other models.",2023-06-26T19:39:32Z,2025-10-29T18:57:16Z,Go,"deepseek,gemma,gemma3,gemma3n,go,golang,gpt-oss,llama,llama2,llama3,llava,llm,llms,mistral,ollama,phi4,qwen",154969,13497,,,,,,,,,
v2rayN,2dust,2dust/v2rayN,https://github.com/2dust/v2rayN,"A GUI client for Windows, Linux and macOS, support Xray and sing-box and others",2019-07-30T03:47:24Z,2025-10-29T16:13:51Z,C#,"proxy,shadowsocks,socks5,trojan,v2fly,v2ray,vless,vmess,windows,xray,xtls",89024,13526,,,,,,,,,
yt-dlp,yt-dlp,yt-dlp/yt-dlp,https://github.com/yt-dlp/yt-dlp,A feature-rich command-line audio/video downloader,2020-10-26T04:22:55Z,2025-10-29T19:04:06Z,Python,"cli,downloader,python,sponsorblock,youtube-dl,youtube-downloader,yt-dlp",133110,10687,,,,,,,,,
ui,shadcn-ui,shadcn-ui/ui,https://github.com/shadcn-ui/ui,"A set of beautifully-designed, accessible components and a code distribution platform. Works with your favorite frameworks. Open Source. Open Code.",2023-01-04T12:43:27Z,2025-10-29T18:56:30Z,TypeScript,"components,nextjs,radix-ui,react,shadcn,tailwindcss,ui",98638,7052,,,,,,,,,
java-design-patterns,iluwatar,iluwatar/java-design-patterns,https://github.com/iluwatar/java-design-patterns,Design patterns implemented in Java,2014-08-09T16:45:18Z,2025-10-29T18:45:37Z,Java,"awesome-list,design-patterns,hacktoberfest,java,principles,snippets,snippets-collection,snippets-library",93238,27312,,,,,,,,,
app-ideas,florinpop17,florinpop17/app-ideas,https://github.com/florinpop17/app-ideas,A Collection of application ideas which can be used to improve your coding skills.,2019-02-25T18:36:56Z,2025-10-29T19:08:19Z,,"applications,coding,codingchallenges,css,hacktoberfest,html,ideas,javascript,practice",87422,10094,,,,,,,,,
rustdesk,rustdesk,rustdesk/rustdesk,https://github.com/rustdesk/rustdesk,"An open-source remote desktop application designed for self-hosting, as an alternative to TeamViewer.",2020-09-28T15:36:08Z,2025-10-29T19:11:53Z,Rust,"android,anydesk,dart,flatpak,flutter,flutter-apps,ios,linux,macos,p2p,rdp,remote-control,remote-desktop,rust,rust-lang,teamviewer,vnc,wayland,windows",101580,14871,,,,,,,,,
go,golang,golang/go,https://github.com/golang/go,The Go programming language,2014-08-19T04:33:40Z,2025-10-29T18:28:30Z,Go,"go,golang,language,programming-language",130569,18418,,,,,,,,,
nvm,nvm-sh,nvm-sh/nvm,https://github.com/nvm-sh/nvm,Node Version Manager - POSIX-compliant bash script to manage multiple active node.js versions,2010-04-15T17:47:47Z,2025-10-29T16:43:50Z,Shell,"bash,install,lts,node,node-js,nodejs,nvm,nvmrc,posix,posix-compliant,shell,version-manager,zsh",88601,9487,,,,,,,,,
ComfyUI,comfyanonymous,comfyanonymous/ComfyUI,https://github.com/comfyanonymous/ComfyUI,"The most powerful and modular diffusion model GUI, api and backend with a graph/nodes interface.",2023-01-17T03:15:56Z,2025-10-29T19:04:14Z,Python,"ai,comfy,comfyui,python,pytorch,stable-diffusion",92252,10375,,,,,,,,,
youtube-dl,ytdl-org,ytdl-org/youtube-dl,https://github.com/ytdl-org/youtube-dl,Command-line program to download videos from YouTube.com and other video sites,2010-10-31T14:35:07Z,2025-10-29T18:52:18Z,Python,,138604,10525,,,,,,,,,
excalidraw,excalidraw,excalidraw/excalidraw,https://github.com/excalidraw/excalidraw,Virtual whiteboard for sketching hand-drawn like diagrams,2020-01-02T01:04:43Z,2025-10-29T19:12:51Z,TypeScript,"canvas,collaboration,diagrams,drawing,hacktoberfest,productivity,whiteboard",109379,11364,,,,,,,,,
awesome-go,avelino,avelino/awesome-go,https://github.com/avelino/awesome-go,"A curated list of awesome Go frameworks, libraries and software",2014-07-06T13:42:15Z,2025-10-29T19:13:33Z,Go,"awesome,awesome-list,go,golang,golang-library,hacktoberfest",156042,12724,,,,,,,,,
markitdown,microsoft,microsoft/markitdown,https://github.com/microsoft/markitdown,Python tool for converting files and office documents to Markdown.,2024-11-13T19:56:40Z,2025-10-29T19:11:37Z,Python,"autogen,autogen-extension,langchain,markdown,microsoft-office,openai,pdf",82239,4622,,,,,,,,,
gitignore,github,github/gitignore,https://github.com/github/gitignore,A collection of useful .gitignore templates,2010-11-08T20:17:14Z,2025-10-29T18:23:01Z,,"git,gitignore",170358,82993,,,,,,,,,
FiraCode,tonsky,tonsky/FiraCode,https://github.com/tonsky/FiraCode,Free monospaced font with programming ligatures,2014-11-11T19:32:38Z,2025-10-29T17:48:38Z,Clojure,"font,ligatures,programming-ligatures",80412,3177,,,,,,,,,
developer-roadmap,kamranahmedse,kamranahmedse/developer-roadmap,https://github.com/kamranahmedse/developer-roadmap,"Interactive roadmaps, guides and other educational content to help developers grow in their careers.",2017-03-15T13:45:52Z,2025-10-29T19:14:39Z,TypeScript,"angular-roadmap,backend-roadmap,blockchain-roadmap,computer-science,dba-roadmap,developer-roadmap,devops-roadmap,frontend-roadmap,go-roadmap,java-roadmap,javascript-roadmap,nodejs-roadmap,python-roadmap,qa-roadmap,react-roadmap,roadmap,software-architect-roadmap,vue-roadmap",342267,43248,,,,,,,,,
open-webui,open-webui,open-webui/open-webui,https://github.com/open-webui/open-webui,"User-friendly AI Interface (Supports Ollama, OpenAI API, ...)",2023-10-06T22:08:27Z,2025-10-29T18:52:24Z,JavaScript,"ai,llm,llm-ui,llm-webui,llms,mcp,ollama,ollama-webui,open-webui,openai,openapi,rag,self-hosted,ui,webui",113690,15796,,,,,,,,,
advanced-java,doocs,doocs/advanced-java,https://github.com/doocs/advanced-java,üòÆ Core Interview Questions & Answers For Experienced Java(Backend) Developers | ‰∫íËÅîÁΩë Java Â∑•Á®ãÂ∏àËøõÈò∂Áü•ËØÜÂÆåÂÖ®Êâ´Áõ≤ÔºöÊ∂µÁõñÈ´òÂπ∂Âèë„ÄÅÂàÜÂ∏ÉÂºè„ÄÅÈ´òÂèØÁî®„ÄÅÂæÆÊúçÂä°„ÄÅÊµ∑ÈáèÊï∞ÊçÆÂ§ÑÁêÜÁ≠âÈ¢ÜÂüüÁü•ËØÜ,2018-10-06T11:38:30Z,2025-10-29T09:27:47Z,Java,"advanced-java,distributed-search-engine,distributed-systems,doocs,dubbo,elasticsearch,eureka,feign,high-availability,high-concurrency,hystrix,java,message-queue,microservices-architecture,redis,ribbon,rpc,spring-cloud,springcloud-config,zookeeper",78435,19283,,,,,,,,,
clash-verge-rev,clash-verge-rev,clash-verge-rev/clash-verge-rev,https://github.com/clash-verge-rev/clash-verge-rev,"A modern GUI client based on Tauri, designed to run in Windows, macOS and Linux for tailored proxy experience",2023-11-21T18:24:03Z,2025-10-29T18:11:57Z,TypeScript,"clash,clash-meta,clash-verge,linux,mac,mihomo,tauri-app,windows",79758,5922,,,,,,,,,
devops-exercises,bregman-arie,bregman-arie/devops-exercises,https://github.com/bregman-arie/devops-exercises,"Linux, Jenkins, AWS, SRE, Prometheus, Docker, Python, Ansible, Git, Kubernetes, Terraform, OpenStack, SQL, NoSQL, Azure, GCP, DNS, Elastic, Network, Virtualization. DevOps Interview Questions",2019-10-03T17:31:21Z,2025-10-29T17:43:44Z,Python,"ansible,aws,azure,coding,containers,devops,docker,git,interview,interview-questions,kubernetes,linux,openstack,production-engineer,prometheus,python,sql,sre,terraform",79609,18018,,,,,,,,,
manim,3b1b,3b1b/manim,https://github.com/3b1b/manim,Animation engine for explanatory math videos,2015-03-22T18:50:58Z,2025-10-29T19:15:08Z,Python,"3b1b-videos,animation,explanatory-math-videos,python",81515,6912,,,,,,,,,
weekly,ruanyf,ruanyf/weekly,https://github.com/ruanyf/weekly,ÁßëÊäÄÁà±Â•ΩËÄÖÂë®ÂàäÔºåÊØèÂë®‰∫îÂèëÂ∏É,2018-10-13T12:36:07Z,2025-10-29T17:19:36Z,,,77993,3681,,,,,,,,,
system-design-101,ByteByteGoHq,ByteByteGoHq/system-design-101,https://github.com/ByteByteGoHq/system-design-101,Explain complex systems using visuals and simple terms. Help you prepare for system design interviews.,2023-09-18T20:52:03Z,2025-10-29T17:13:52Z,,"aws,cloud-computing,coding-interviews,computer-science,interview-questions,software-architecture,software-development,software-engineering,system-design,system-design-interview",77646,8417,,,,,,,,,
awesome-interview-questions,DopplerHQ,DopplerHQ/awesome-interview-questions,https://github.com/DopplerHQ/awesome-interview-questions,:octocat: A curated awesome list of lists of interview questions. Feel free to contribute! :mortar_board: ,2015-11-28T09:48:17Z,2025-10-29T18:55:37Z,,"android-interview-questions,angularjs-interview-questions,awesome,awesome-list,awesomeness,interview-practice,interview-questions,interviewing,javascript,javascript-interview-questions,list,python-interview-questions,rails-interview,ruby",78036,9204,,,,,,,,,
gin,gin-gonic,gin-gonic/gin,https://github.com/gin-gonic/gin,"Gin is a high-performance HTTP web framework written in Go. It provides a Martini-like API but with significantly better performance‚Äîup to 40 times faster‚Äîthanks to httprouter. Gin is designed for building REST APIs, web applications, and microservices.",2014-06-16T23:57:25Z,2025-10-29T18:56:06Z,Go,"framework,gin,go,middleware,performance,router,server",86736,8464,,,,,,,,,
tailwindcss,tailwindlabs,tailwindlabs/tailwindcss,https://github.com/tailwindlabs/tailwindcss,A utility-first CSS framework for rapid UI development.,2017-10-06T14:59:14Z,2025-10-29T19:08:16Z,TypeScript,"css,css-framework,functional-css,postcss,responsive,tailwindcss,utility-classes",90832,4765,,,,,,,,,
ML-For-Beginners,microsoft,microsoft/ML-For-Beginners,https://github.com/microsoft/ML-For-Beginners,"12 weeks, 26 lessons, 52 quizzes, classic Machine Learning for all",2021-03-03T01:34:05Z,2025-10-29T18:11:58Z,Jupyter Notebook,"data-science,education,machine-learning,machine-learning-algorithms,machinelearning,machinelearning-python,microsoft-for-beginners,ml,python,r,scikit-learn,scikit-learn-python",78383,18066,,,,,,,,,
terminal,microsoft,microsoft/terminal,https://github.com/microsoft/terminal,"The new Windows Terminal and the original Windows console host, all in the same place!",2017-08-11T18:38:22Z,2025-10-29T18:20:20Z,C++,"cmd,command-line,console,contributions-welcome,good-first-issue,hacktoberfest,terminal,windows,windows-console,windows-terminal,wsl",100748,8883,,,,,,,,,
langflow,langflow-ai,langflow-ai/langflow,https://github.com/langflow-ai/langflow,Langflow is a powerful tool for building and deploying AI-powered agents and workflows.,2023-02-08T22:28:03Z,2025-10-29T19:04:03Z,Python,"agents,chatgpt,generative-ai,large-language-models,multiagent,react-flow",136506,7867,,,,,,,,,
tauri,tauri-apps,tauri-apps/tauri,https://github.com/tauri-apps/tauri,"Build smaller, faster, and more secure desktop and mobile applications with a web frontend.",2019-07-13T09:09:37Z,2025-10-29T18:51:56Z,Rust,"desktop-app,high-performance,mobile-app,native-app,rust,web-frontend,webview",98328,3143,,,,,,,,,
LeetCodeAnimation,MisterBooo,MisterBooo/LeetCodeAnimation,https://github.com/MisterBooo/LeetCodeAnimation,Demonstrate all the questions on LeetCode in the form of animation.ÔºàÁî®Âä®ÁîªÁöÑÂΩ¢ÂºèÂëàÁé∞Ëß£LeetCodeÈ¢òÁõÆÁöÑÊÄùË∑ØÔºâ,2018-12-06T08:01:22Z,2025-10-29T13:02:43Z,Java,"animation,leetcode,leetcode-c,leetcode-java,leetcode-solutions",76499,14018,,,,,,,,,
LLMs-from-scratch,rasbt,rasbt/LLMs-from-scratch,https://github.com/rasbt/LLMs-from-scratch,"Implement a ChatGPT-like LLM in PyTorch from scratch, step by step",2023-07-23T18:15:57Z,2025-10-29T19:03:37Z,Jupyter Notebook,"ai,artificial-intelligence,chatgpt,deep-learning,from-scratch,gpt,language-model,large-language-models,llm,machine-learning,python,pytorch,transformer",77072,11361,,,,,,,,,
create-react-app,facebook,facebook/create-react-app,https://github.com/facebook/create-react-app,Set up a modern web app by running one command.,2016-07-17T14:55:11Z,2025-10-29T19:04:46Z,JavaScript,"build-tools,react,zero-configuration",103820,27147,,,,,,,,,
NextChat,ChatGPTNextWeb,ChatGPTNextWeb/NextChat,https://github.com/ChatGPTNextWeb/NextChat,‚ú® Light and Fast AI Assistant. Support: Web | iOS | MacOS | Android |  Linux | Windows,2023-03-10T18:27:54Z,2025-10-29T18:39:59Z,TypeScript,"calclaude,chatgpt,claude,cross-platform,desktop,fe,gemini,gemini-pro,gemini-server,gemini-ultra,gpt-4o,groq,nextjs,ollama,react,tauri,tauri-app,vercel,webui",86260,60867,,,,,,,,,
awesome-for-beginners,MunGell,MunGell/awesome-for-beginners,https://github.com/MunGell/awesome-for-beginners,A list of awesome beginners-friendly projects.,2015-10-24T19:53:36Z,2025-10-29T19:15:59Z,,"awesome,awesome-list,beginner-project,beginners-friendly,list",79175,7557,,,,,,,,,
PowerToys,microsoft,microsoft/PowerToys,https://github.com/microsoft/PowerToys,Microsoft PowerToys is a collection of utilities that help you customize Windows and streamline everyday tasks,2019-05-01T17:44:02Z,2025-10-29T18:15:00Z,C#,"color-picker,command-palette,desktop,fancyzones,keyboard-manager,microsoft-powertoys,powerrename,powertoys,windows,windows-10,windows-11",125310,7452,,,,,,,,,
gpt4all,nomic-ai,nomic-ai/gpt4all,https://github.com/nomic-ai/gpt4all,GPT4All: Run Local LLMs on Any Device. Open-source and available for commercial use.,2023-03-27T18:49:32Z,2025-10-29T16:38:57Z,C++,"ai-chat,llm-inference",76841,8302,,,,,,,,,
AutoGPT,Significant-Gravitas,Significant-Gravitas/AutoGPT,https://github.com/Significant-Gravitas/AutoGPT,"AutoGPT is the vision of accessible AI for everyone, to use and to build on. Our mission is to provide the tools, so that you can focus on what matters.",2023-03-16T09:21:07Z,2025-10-29T18:52:24Z,Python,"ai,artificial-intelligence,autonomous-agents,gpt-4,llama-api,openai,python",179359,46094,,,,,,,,,
json-server,typicode,typicode/json-server,https://github.com/typicode/json-server,Get a full fake REST API with zero coding in less than 30 seconds (seriously),2013-11-27T13:21:13Z,2025-10-29T17:30:18Z,JavaScript,,75256,7240,,,,,,,,,
Font-Awesome,FortAwesome,FortAwesome/Font-Awesome,https://github.com/FortAwesome/Font-Awesome,"The iconic SVG, font, and CSS toolkit",2012-02-17T14:19:43Z,2025-10-29T18:01:58Z,JavaScript,"css,font,fontawesome,icons,svg-icons,svg-sprites,webfont",75767,12209,,,,,,,,,
Deep-Live-Cam,hacksider,hacksider/Deep-Live-Cam,https://github.com/hacksider/Deep-Live-Cam,real time face swap and one-click video deepfake with only a single image,2023-09-24T13:19:31Z,2025-10-29T18:33:46Z,Python,"ai,ai-deep-fake,ai-face,ai-webcam,artificial-intelligence,deep-fake,deepfake,deepfake-webcam,faceswap,fake-webcam,gan,real-time-deepfake,realtime,realtime-deepfake,realtime-face-changer,video-deepfake,webcam,webcamera",74237,10840,,,,,,,,,
iptv,iptv-org,iptv-org/iptv,https://github.com/iptv-org/iptv,Collection of publicly available IPTV channels from all over the world,2018-11-14T22:00:57Z,2025-10-29T19:14:17Z,TypeScript,"iptv,m3u,playlist,streams,tv",98123,4205,,,,,,,,,
awesome-llm-apps,Shubhamsaboo,Shubhamsaboo/awesome-llm-apps,https://github.com/Shubhamsaboo/awesome-llm-apps,"Collection of awesome LLM apps with AI Agents and RAG using OpenAI, Anthropic, Gemini and opensource models.",2024-04-29T05:30:25Z,2025-10-29T18:34:10Z,Python,"llms,python,rag",74105,9640,,,,,,,,,
fastapi,fastapi,fastapi/fastapi,https://github.com/fastapi/fastapi,"FastAPI framework, high performance, easy to learn, fast to code, ready for production",2018-12-08T08:21:47Z,2025-10-29T19:14:27Z,Python,"api,async,asyncio,fastapi,framework,json,json-schema,openapi,openapi3,pydantic,python,python-types,python3,redoc,rest,starlette,swagger,swagger-ui,uvicorn,web",91291,8142,,,,,,,,,
mermaid,mermaid-js,mermaid-js/mermaid,https://github.com/mermaid-js/mermaid,Generation of diagrams like flowcharts or sequence diagrams from text in a similar manner as markdown,2014-11-01T23:52:32Z,2025-10-29T19:14:43Z,TypeScript,"diagrams,diagrams-as-code,documentation,flowchart,javascript,mindmap,typescript,uml-diagrams",83801,8226,,,,,,,,,
fzf,junegunn,junegunn/fzf,https://github.com/junegunn/fzf,:cherry_blossom: A command-line fuzzy finder,2013-10-23T16:04:23Z,2025-10-29T18:32:51Z,Go,"bash,cli,fish,fzf,go,neovim,tmux,unix,vim,zsh",74749,2604,,,,,,,,,
uptime-kuma,louislam,louislam/uptime-kuma,https://github.com/louislam/uptime-kuma,A fancy self-hosted monitoring tool,2021-07-03T01:02:42Z,2025-10-29T18:43:14Z,JavaScript,"docker,monitor,monitoring,responsive,self-hosted,selfhosted,single-page-app,socket-io,uptime,uptime-monitoring,webapp,websocket",77424,6844,,,,,,,,,
stable-diffusion,CompVis,CompVis/stable-diffusion,https://github.com/CompVis/stable-diffusion,A latent text-to-image diffusion model,2022-08-10T14:36:44Z,2025-10-29T16:34:36Z,Jupyter Notebook,,71699,10516,,,,,,,,,
puppeteer,puppeteer,puppeteer/puppeteer,https://github.com/puppeteer/puppeteer,JavaScript API for Chrome and Firefox,2017-05-09T22:16:13Z,2025-10-29T18:44:07Z,TypeScript,"automation,chrome,chromium,developer-tools,firefox,headless-chrome,node-module,testing,web",92748,9316,,,,,,,,,
ohmyzsh,ohmyzsh,ohmyzsh/ohmyzsh,https://github.com/ohmyzsh/ohmyzsh,"üôÉ   A delightful community-driven (with 2,400+ contributors) framework for managing your zsh configuration. Includes 300+ optional plugins (rails, git, macOS, hub, docker, homebrew, node, php, python, etc), 140+ themes to spice up your morning, and an auto-update tool that makes it easy to keep up with the latest updates from the community.",2009-08-28T18:15:37Z,2025-10-29T19:08:04Z,Shell,"cli,cli-app,oh-my-zsh,oh-my-zsh-plugin,oh-my-zsh-theme,ohmyzsh,plugin-framework,plugins,productivity,shell,terminal,theme,themes,zsh,zsh-configuration",182356,26265,,,,,,,,,
Front-End-Checklist,thedaviddias,thedaviddias/Front-End-Checklist,https://github.com/thedaviddias/Front-End-Checklist,üóÇ The perfect Front-End Checklist for modern websites and meticulous developers,2017-10-16T10:12:36Z,2025-10-29T19:08:28Z,,"checklist,css,front-end-developer-tool,front-end-development,frontend,guidelines,html,javascript,lists,reference,resources,web-development",71601,6592,,,,,,,,,
Ventoy,ventoy,ventoy/Ventoy,https://github.com/ventoy/Ventoy,A new bootable USB solution.,2020-03-10T15:19:19Z,2025-10-29T18:25:12Z,C,"auto-install,bootable-usb,bsd,chromeos,iso-files,legacy,linux,multiboot,persistence,secure-boot,uefi,unattended,unix,usb,windows",71516,4532,,,,,,,,,
d2l-zh,d2l-ai,d2l-ai/d2l-zh,https://github.com/d2l-ai/d2l-zh,„ÄäÂä®ÊâãÂ≠¶Ê∑±Â∫¶Â≠¶‰π†„ÄãÔºöÈù¢Âêë‰∏≠ÊñáËØªËÄÖ„ÄÅËÉΩËøêË°å„ÄÅÂèØËÆ®ËÆ∫„ÄÇ‰∏≠Ëã±ÊñáÁâàË¢´70Â§ö‰∏™ÂõΩÂÆ∂ÁöÑ500Â§öÊâÄÂ§ßÂ≠¶Áî®‰∫éÊïôÂ≠¶„ÄÇ,2017-08-23T04:40:24Z,2025-10-29T15:33:54Z,Python,"book,chinese,computer-vision,deep-learning,machine-learning,natural-language-processing,notebook,python",73509,11966,,,,,,,,,
github-readme-stats,anuraghazra,anuraghazra/github-readme-stats,https://github.com/anuraghazra/github-readme-stats,:zap: Dynamically generated stats for your github readmes,2020-07-09T10:34:22Z,2025-10-29T19:13:31Z,JavaScript,"dynamic,profile-readme,readme-generator,readme-stats,serverless",76715,26663,,,,,,,,,
awesome-mcp-servers,punkpeye,punkpeye/awesome-mcp-servers,https://github.com/punkpeye/awesome-mcp-servers,A collection of MCP servers.,2024-11-30T04:49:10Z,2025-10-29T19:14:27Z,,"ai,mcp",73845,6181,,,,,,,,,
dify,langgenius,langgenius/dify,https://github.com/langgenius/dify,Production-ready platform for agentic workflow development.,2023-04-12T07:40:24Z,2025-10-29T17:16:44Z,TypeScript,"agent,agentic-ai,agentic-framework,agentic-workflow,ai,automation,gemini,genai,gpt,gpt-4,llm,low-code,mcp,nextjs,no-code,openai,orchestration,python,rag,workflow",117601,18163,,,,,,,,,
hoppscotch,hoppscotch,hoppscotch/hoppscotch,https://github.com/hoppscotch/hoppscotch,"Open-Source API Development Ecosystem ‚Ä¢ https://hoppscotch.io ‚Ä¢ Offline, On-Prem & Cloud ‚Ä¢ Web, Desktop & CLI ‚Ä¢ Open-Source Alternative to Postman, Insomnia",2019-08-21T13:15:24Z,2025-10-29T18:37:12Z,TypeScript,"api,api-client,api-rest,api-testing,developer-tools,graphql,http,http-client,pwa,rest,rest-api,spa,testing,testing-tools,tools,vue,vuejs,websocket",76521,5372,,,,,,,,,
screenshot-to-code,abi,abi/screenshot-to-code,https://github.com/abi/screenshot-to-code,Drop in a screenshot and convert it to clean code (HTML/Tailwind/React/Vue),2023-11-14T17:53:32Z,2025-10-29T18:42:27Z,Python,,71093,8807,,,,,,,,,
Best-websites-a-programmer-should-visit,sdmg15,sdmg15/Best-websites-a-programmer-should-visit,https://github.com/sdmg15/Best-websites-a-programmer-should-visit,:link: Some useful websites for programmers.,2017-03-05T20:25:17Z,2025-10-29T18:44:05Z,,"books,cs,hacktoberfest,links,programmer,sites",74425,8517,,,,,,,,,
code-server,coder,coder/code-server,https://github.com/coder/code-server,VS Code in the browser,2019-02-27T16:50:41Z,2025-10-29T18:48:11Z,TypeScript,"browser-ide,dev-tools,development-environment,ide,remote-work,vscode,vscode-remote",74442,6310,,,,,,,,,
PayloadsAllTheThings,swisskyrepo,swisskyrepo/PayloadsAllTheThings,https://github.com/swisskyrepo/PayloadsAllTheThings,A list of useful payloads and bypass for Web Application Security and Pentest/CTF,2016-10-18T07:29:07Z,2025-10-29T16:33:21Z,Python,"bounty,bugbounty,bypass,cheatsheet,enumeration,hacking,hacktoberfest,methodology,payload,payloads,penetration-testing,pentest,privilege-escalation,redteam,security,vulnerability,web-application",71238,16153,,,,,,,,,
union,unionlabs,unionlabs/union,https://github.com/unionlabs/union,"The trust-minimized, zero-knowledge bridging protocol, designed for censorship resistance, extremely high security, and usage in decentralized finance.",2023-05-16T22:33:39Z,2025-10-29T18:02:30Z,Rust,"astro,blockchain,cosmos,cosmwasm,ethereum,evm,golang,indexer,interoperability,move,nix,prover,relayer,rust,solidity,svelte,typescipt,typescript,zero-knowledge",74517,3839,,,,,,,,,
gemini-cli,google-gemini,google-gemini/gemini-cli,https://github.com/google-gemini/gemini-cli,An open-source AI agent that brings the power of Gemini directly into your terminal.,2025-04-17T17:04:31Z,2025-10-29T19:05:20Z,TypeScript,"gemini,gemini-api",80858,8956,,,,,,,,,
models,tensorflow,tensorflow/models,https://github.com/tensorflow/models,Models and examples built with TensorFlow,2016-02-05T01:15:20Z,2025-10-29T15:50:59Z,Python,,77667,45435,,,,,,,,,
cs-video-courses,Developer-Y,Developer-Y/cs-video-courses,https://github.com/Developer-Y/cs-video-courses,List of Computer Science courses with video lectures.,2016-10-21T17:02:11Z,2025-10-29T17:28:04Z,,"algorithms,bioinformatics,computational-biology,computational-physics,computer-architecture,computer-science,computer-vision,database-systems,databases,deep-learning,embedded-systems,machine-learning,quantum-computing,reinforcement-learning,robotics,security,systems,web-development",70093,9419,,,,,,,,,
awesome-public-datasets,awesomedata,awesomedata/awesome-public-datasets,https://github.com/awesomedata/awesome-public-datasets,A topic-centric list of HQ open datasets.,2014-11-20T06:20:50Z,2025-10-29T16:17:25Z,,"aaron-swartz,awesome-public-datasets,datasets,opendata",69945,10856,,,,,,,,,
browser-use,browser-use,browser-use/browser-use,https://github.com/browser-use/browser-use,üåê Make websites accessible for AI agents. Automate tasks online with ease.,2024-10-31T16:00:56Z,2025-10-29T18:42:38Z,Python,"ai-agents,ai-tools,browser-automation,browser-use,llm,playwright,python",71910,8528,,,,,,,,,
awesome-machine-learning,josephmisiti,josephmisiti/awesome-machine-learning,https://github.com/josephmisiti/awesome-machine-learning,"A curated list of awesome Machine Learning frameworks, libraries and software.",2014-07-15T19:11:19Z,2025-10-29T18:24:54Z,Python,,70417,15143,,,,,,,,,
localsend,localsend,localsend/localsend,https://github.com/localsend/localsend,An open-source cross-platform alternative to AirDrop,2022-12-16T00:46:07Z,2025-10-29T18:36:56Z,Dart,"dart,file-sharing,flutter,flutter-apps",69607,3720,,,,,,,,,
tesseract,tesseract-ocr,tesseract-ocr/tesseract,https://github.com/tesseract-ocr/tesseract,Tesseract Open Source OCR Engine (main repository),2014-08-12T18:04:59Z,2025-10-29T17:01:09Z,C++,"hacktoberfest,lstm,machine-learning,ocr,ocr-engine,tesseract,tesseract-ocr",70583,10333,,,,,,,,,
awesome-react,enaqx,enaqx/awesome-react,https://github.com/enaqx/awesome-react,A collection of awesome things regarding React ecosystem,2014-08-06T05:31:44Z,2025-10-29T18:55:35Z,,"awesome,awesome-list,javascript,react,react-apps,react-native,react-tutorial,samples,tutorial,typescript",70549,7458,,,,,,,,,
svelte,sveltejs,sveltejs/svelte,https://github.com/sveltejs/svelte,web development for the rest of us,2016-11-20T18:13:05Z,2025-10-29T18:40:47Z,JavaScript,"compiler,template,ui",84538,4665,,,,,,,,,
cpython,python,python/cpython,https://github.com/python/cpython,The Python programming language,2017-02-10T19:23:51Z,2025-10-29T19:16:28Z,Python,,69595,33254,,,,,,,,,
servers,modelcontextprotocol,modelcontextprotocol/servers,https://github.com/modelcontextprotocol/servers,Model Context Protocol Servers,2024-11-19T01:10:17Z,2025-10-29T18:04:40Z,TypeScript,,71506,8561,,,,,,,,,
sherlock,sherlock-project,sherlock-project/sherlock,https://github.com/sherlock-project/sherlock,Hunt down social media accounts by username across social networks,2018-12-24T14:30:48Z,2025-10-29T18:56:57Z,Python,"cli,cti,cybersecurity,forensics,hacktoberfest,information-gathering,infosec,linux,osint,pentesting,python,python3,reconnaissance,redteam,sherlock,tools",69937,8201,,,,,,,,,
reveal.js,hakimel,hakimel/reveal.js,https://github.com/hakimel/reveal.js,The HTML Presentation Framework,2011-06-07T18:54:22Z,2025-10-29T18:42:12Z,JavaScript,"presentations,slides,slideshow",69745,16770,,,,,,,,,
node,base,base/node,https://github.com/base/node,Everything required to run your own Base node,2023-02-01T13:55:02Z,2025-10-29T18:16:27Z,Go,,68635,2926,,,,,,,,,
Python,TheAlgorithms,TheAlgorithms/Python,https://github.com/TheAlgorithms/Python,All Algorithms implemented in Python,2016-07-16T09:44:01Z,2025-10-29T19:11:25Z,Python,"algorithm,algorithm-competitions,algorithms-implemented,algos,community-driven,education,hacktoberfest,interview,learn,practice,python,searches,sorting-algorithms,sorts",212169,49049,,,,,,,,,
cs-self-learning,PKUFlyingPig,PKUFlyingPig/cs-self-learning,https://github.com/PKUFlyingPig/cs-self-learning,ËÆ°ÁÆóÊú∫Ëá™Â≠¶ÊåáÂçó,2021-10-20T13:43:42Z,2025-10-29T17:34:31Z,HTML,,68367,7655,,,,,,,,,
llama.cpp,ggml-org,ggml-org/llama.cpp,https://github.com/ggml-org/llama.cpp,LLM inference in C/C++,2023-03-10T18:58:00Z,2025-10-29T19:11:45Z,C++,ggml,88474,13454,,,,,,,,,
syncthing,syncthing,syncthing/syncthing,https://github.com/syncthing/syncthing,Open Source Continuous File Synchronization,2013-11-26T09:48:21Z,2025-10-29T18:56:05Z,Go,"go,p2p,peer-to-peer,synchronization",77181,4815,,,,,,,,,
awesome-vue,vuejs,vuejs/awesome-vue,https://github.com/vuejs/awesome-vue,üéâ A curated list of awesome things related to Vue.js,2015-10-20T00:16:14Z,2025-10-29T14:59:55Z,,,73342,9475,,,,,,,,,
the-algorithm,twitter,twitter/the-algorithm,https://github.com/twitter/the-algorithm,Source code for the X Recommendation Algorithm,2023-03-27T14:57:57Z,2025-10-29T18:10:03Z,Scala,,67652,12607,,,,,,,,,
openai-cookbook,openai,openai/openai-cookbook,https://github.com/openai/openai-cookbook,Examples and guides for using the OpenAI API,2022-03-11T02:08:53Z,2025-10-29T19:03:57Z,Jupyter Notebook,"chatgpt,gpt-4,openai,openai-api",68921,11515,,,,,,,,,
imgui,ocornut,ocornut/imgui,https://github.com/ocornut/imgui,Dear ImGui: Bloat-free Graphical User interface for C++ with minimal dependencies,2014-07-21T14:29:47Z,2025-10-29T18:18:34Z,C++,"api,cplusplus,framework,game-development,game-engine,gamedev,gui,imgui,immediate-gui,library,multi-platform,native,toolkit,tools,ui",69013,11295,,,,,,,,,
free-programming-books,EbookFoundation,EbookFoundation/free-programming-books,https://github.com/EbookFoundation/free-programming-books,:books: Freely available programming books,2013-10-11T06:50:37Z,2025-10-29T19:11:17Z,Python,"books,education,hacktoberfest,list,resource",375455,65225,,,,,,,,,
hugo,gohugoio,gohugoio/hugo,https://github.com/gohugoio/hugo,The world‚Äôs fastest framework for building websites.,2013-07-04T15:26:26Z,2025-10-29T18:53:38Z,Go,"blog-engine,cms,content-management-system,documentation-tool,go,hugo,static-site-generator",84431,8079,,,,,,,,,
awesome-cpp,fffaraz,fffaraz/awesome-cpp,https://github.com/fffaraz/awesome-cpp,"A curated list of awesome C++ (or C) frameworks, libraries, resources, and shiny things. Inspired by awesome-... stuff.",2014-07-17T08:51:11Z,2025-10-29T18:55:35Z,,"awesome,awesome-list,c,c-plus-plus,cpp,cpp-library,cppcon,libraries,list,lists,programming-tutorial,resources",67377,8139,,,,,,,,,
n8n,n8n-io,n8n-io/n8n,https://github.com/n8n-io/n8n,"Fair-code workflow automation platform with native AI capabilities. Combine visual building with custom code, self-host or cloud, 400+ integrations.",2019-06-22T09:24:21Z,2025-10-29T19:13:02Z,TypeScript,"ai,apis,automation,cli,data-flow,development,integration-framework,integrations,ipaas,low-code,low-code-platform,mcp,mcp-client,mcp-server,n8n,no-code,self-hosted,typescript,workflow,workflow-automation",152636,48702,,,,,,,,,
bun,oven-sh,oven-sh/bun,https://github.com/oven-sh/bun,"Incredibly fast JavaScript runtime, bundler, test runner, and package manager ‚Äì all in one",2021-04-14T00:48:17Z,2025-10-29T19:11:46Z,Zig,"bun,bundler,javascript,javascriptcore,jsx,nodejs,npm,react,transpiler,typescript,zig,ziglang",81846,3458,,,,,,,,,
awesome-scalability,binhnguyennus,binhnguyennus/awesome-scalability,https://github.com/binhnguyennus/awesome-scalability,"The Patterns of Scalable, Reliable, and Performant Large-Scale Systems",2017-12-27T03:46:40Z,2025-10-29T19:16:05Z,,"architecture,awesome,awesome-list,backend,big-data,computer-science,design-patterns,devops,distributed-systems,interview,interview-practice,interview-questions,lists,machine-learning,programming,resources,scalability,system,system-design,web-development",66405,6663,,,,,,,,,
ansible,ansible,ansible/ansible,https://github.com/ansible/ansible,"Ansible is a radically simple IT automation platform that makes your applications and systems easier to deploy and maintain. Automate everything from code deployment to network configuration to cloud management, in a language that approaches plain English, using SSH, with no agents to install on remote systems. https://docs.ansible.com.",2012-03-06T14:58:02Z,2025-10-29T18:53:10Z,Python,"ansible,python",66869,24112,,,,,,,,,
Stirling-PDF,Stirling-Tools,Stirling-Tools/Stirling-PDF,https://github.com/Stirling-Tools/Stirling-PDF,#1 Locally hosted web application that allows you to perform various operations on PDF files,2023-01-27T18:22:42Z,2025-10-29T18:36:57Z,Java,"docker,hacktoberfest,java,pdf,pdf-converter,pdf-editor,pdf-manipulation,pdf-merger,pdf-ocr,pdf-tools,pdf-web-apps,pdfmerger",69311,5855,,,,,,,,,
flask,pallets,pallets/flask,https://github.com/pallets/flask,The Python micro framework for building web applications.,2010-04-06T11:11:59Z,2025-10-29T16:51:58Z,Python,"flask,jinja,pallets,python,web-framework,werkzeug,wsgi",70677,16597,,,,,,,,,
spring-boot,spring-projects,spring-projects/spring-boot,https://github.com/spring-projects/spring-boot,"Spring Boot helps you to create Spring-powered, production-grade applications and services with absolute minimum fuss.",2012-10-19T15:02:57Z,2025-10-29T19:08:41Z,Java,"framework,java,spring,spring-boot",78816,41603,,,,,,,,,
SecLists,danielmiessler,danielmiessler/SecLists,https://github.com/danielmiessler/SecLists,"SecLists is the security tester's companion. It's a collection of multiple types of lists used during security assessments, collected in one place. List types include usernames, passwords, URLs, sensitive data patterns, fuzzing payloads, web shells, and many more.",2012-02-19T01:30:18Z,2025-10-29T18:47:47Z,PHP,,66592,24737,,,,,,,,,
33-js-concepts,leonardomso,leonardomso/33-js-concepts,https://github.com/leonardomso/33-js-concepts,üìú 33 JavaScript concepts every developer should know.,2018-09-04T13:27:04Z,2025-10-29T16:44:49Z,JavaScript,"angular,concepts,es6,es6-javascript,hacktoberfest,javascript,javascript-closures,javascript-engines,javascript-programming,nodejs,primitive-types,programming,react",65883,9200,,,,,,,,,
Prompt-Engineering-Guide,dair-ai,dair-ai/Prompt-Engineering-Guide,https://github.com/dair-ai/Prompt-Engineering-Guide,"üêô Guides, papers, lessons, notebooks and resources for prompt engineering, context engineering, RAG, and AI Agents.",2022-12-16T16:04:50Z,2025-10-29T19:11:35Z,MDX,"agent,agents,ai-agents,chatgpt,deep-learning,generative-ai,language-model,llms,openai,prompt-engineering,rag",65631,6817,,,,,,,,,
act,nektos,nektos/act,https://github.com/nektos/act,Run your GitHub Actions locally üöÄ,2019-01-02T19:53:43Z,2025-10-29T18:57:53Z,Go,"ci,devops,github-actions,golang",66652,1767,,,,,,,,,
express,expressjs,expressjs/express,https://github.com/expressjs/express,"Fast, unopinionated, minimalist web framework for node.",2009-06-26T18:56:01Z,2025-10-29T12:12:39Z,JavaScript,"express,javascript,nodejs,server",68094,21326,,,,,,,,,
gpt4free,xtekky,xtekky/gpt4free,https://github.com/xtekky/gpt4free,"The official gpt4free repository | various collection of powerful language models | o4, o3 and deepseek r1, gpt-4.1, gemini 2.5",2023-03-29T17:00:43Z,2025-10-29T17:57:33Z,Python,"chatbot,chatbots,chatgpt,chatgpt-4,chatgpt-api,chatgpt-free,chatgpt4,deepseek,deepseek-api,deepseek-r1,gpt,gpt-4,gpt-4o,gpt4,gpt4-api,language-model,openai,openai-api,openai-chatgpt,reverse-engineering",65454,13716,,,,,,,,,
lazygit,jesseduffield,jesseduffield/lazygit,https://github.com/jesseduffield/lazygit,simple terminal UI for git commands,2018-05-19T00:53:06Z,2025-10-29T19:19:43Z,Go,"cli,git,terminal",66800,2304,,,,,,,,,
vite,vitejs,vitejs/vite,https://github.com/vitejs/vite,Next generation frontend tooling. It's fast!,2020-04-21T05:03:57Z,2025-10-29T18:52:25Z,TypeScript,"build-tool,dev-server,frontend,hmr,vite",76237,7417,,,,,,,,,
caddy,caddyserver,caddyserver/caddy,https://github.com/caddyserver/caddy,Fast and extensible multi-platform HTTP/1-2-3 web server with automatic HTTPS,2015-01-13T19:45:03Z,2025-10-29T17:19:40Z,Go,"acme,automatic-https,caddy,caddyfile,go,golang,http,http-server,http3,https,privacy,reverse-proxy,security,tls,web-server",67597,4519,,,,,,,,,
firecrawl,firecrawl,firecrawl/firecrawl,https://github.com/firecrawl/firecrawl,üî• The Web Data API for AI - Turn entire websites into LLM-ready markdown or structured data,2024-04-15T21:02:29Z,2025-10-29T19:06:44Z,TypeScript,"ai,ai-agents,ai-crawler,ai-scraping,ai-search,crawler,data-extraction,html-to-markdown,llm,markdown,scraper,scraping,web-crawler,web-data,web-data-extraction,web-scraper,web-scraping,web-search,webscraping",65350,5154,,,,,,,,,
lobe-chat,lobehub,lobehub/lobe-chat,https://github.com/lobehub/lobe-chat,"ü§Ø Lobe Chat - an open-source, modern design AI chat framework. Supports multiple AI providers (OpenAI / Claude 4 / Gemini / DeepSeek / Ollama / Qwen), Knowledge Base (file upload / RAG ), one click install MCP Marketplace and Artifacts / Thinking. One-click FREE deployment of your private AI Agent application.",2023-05-21T07:19:12Z,2025-10-29T18:52:51Z,TypeScript,"agent,ai,artifacts,chat,chatgpt,claude,deepseek,deepseek-r1,function-calling,gemini,gpt,knowledge-base,mcp,nextjs,ollama,openai,rag",67258,13901,,,,,,,,,
tabby,Eugeny,Eugeny/tabby,https://github.com/Eugeny/tabby,A terminal for a more modern age,2016-12-23T09:06:10Z,2025-10-29T17:11:41Z,TypeScript,"serial,ssh-client,telnet-client,terminal,terminal-emulators",66918,3740,,,,,,,,,
bootstrap,twbs,twbs/bootstrap,https://github.com/twbs/bootstrap,"The most popular HTML, CSS, and JavaScript framework for developing responsive, mobile first projects on the web.",2011-07-29T21:19:00Z,2025-10-29T19:07:58Z,MDX,"bootstrap,css,css-framework,html,javascript,sass,scss",173615,79161,,,,,,,,,
deno,denoland,denoland/deno,https://github.com/denoland/deno,A modern runtime for JavaScript and TypeScript.,2018-05-15T01:34:26Z,2025-10-29T17:27:50Z,Rust,"deno,javascript,rust,typescript",104952,5754,,,,,,,,,
uv,astral-sh,astral-sh/uv,https://github.com/astral-sh/uv,"An extremely fast Python package and project manager, written in Rust.",2023-10-02T20:24:11Z,2025-10-29T19:12:45Z,Rust,"packaging,python,resolver,uv",71247,2168,,,,,,,,,
redis,redis,redis/redis,https://github.com/redis/redis,"For developers, who are building real-time data-driven applications, Redis is the preferred, fastest, and most feature-rich cache, data structure server, and document and vector query engine.",2009-03-21T22:32:25Z,2025-10-29T19:10:15Z,C,"cache,caching,database,distributed-systems,in-memory,in-memory-database,json,key-value,key-value-store,message-broker,message-queue,no-sql,nosql,open-source,real-time,realtime,redis,time-series,vector-databases,vector-search",71479,24298,,,,,,,,,
Chart.js,chartjs,chartjs/Chart.js,https://github.com/chartjs/Chart.js,Simple HTML5 Charts using the <canvas> tag,2013-03-17T23:56:36Z,2025-10-29T18:39:59Z,JavaScript,"canvas,chart,graph,html5,html5-charts,javascript",66702,11982,,,,,,,,,
ragflow,infiniflow,infiniflow/ragflow,https://github.com/infiniflow/ragflow,RAGFlow is a leading open-source Retrieval-Augmented Generation (RAG) engine that fuses cutting-edge RAG with Agent capabilities to create a superior context layer for LLMs,2023-12-12T06:13:13Z,2025-10-29T18:41:51Z,TypeScript,"agent,agentic,agentic-ai,agentic-workflow,ai,ai-search,deep-learning,deep-research,deepseek,deepseek-r1,document-parser,document-understanding,graphrag,llm,mcp,multi-agent,ollama,openai,rag,retrieval-augmented-generation",66763,7080,,,,,,,,,
AppFlowy,AppFlowy-IO,AppFlowy-IO/AppFlowy,https://github.com/AppFlowy-IO/AppFlowy,"Bring projects, wikis, and teams together with AI. AppFlowy is the AI collaborative workspace where you achieve more without losing control of your data. The leading open source Notion alternative.",2021-06-16T12:56:48Z,2025-10-29T17:39:02Z,Dart,"blog,confluence-alternative,content-management,content-services,documentation,flutter,note-taking,notion-alternative,project-management,task-management,team-collaboration,wiki",66187,4688,,,,,,,,,
nest,nestjs,nestjs/nest,https://github.com/nestjs/nest,"A progressive Node.js framework for building efficient, scalable, and enterprise-grade server-side applications with TypeScript/JavaScript üöÄ",2017-02-04T20:12:52Z,2025-10-29T19:07:37Z,TypeScript,"framework,hacktoberfest,javascript,javascript-framework,microservices,nest,nestjs,node,nodejs,nodejs-framework,typescript,typescript-framework,websockets",73241,8083,,,,,,,,,
netdata,netdata,netdata/netdata,https://github.com/netdata/netdata,"The fastest path to AI-powered full stack observability, even for lean teams.",2013-06-17T18:39:10Z,2025-10-29T18:13:59Z,C,"ai,alerting,cncf,data-visualization,database,devops,docker,grafana,influxdb,kubernetes,linux,machine-learning,mcp,mongodb,monitoring,mysql,netdata,observability,postgresql,prometheus",76520,6209,,,,,,,,,
storybook,storybookjs,storybookjs/storybook,https://github.com/storybookjs/storybook,"Storybook is the industry standard workshop for building, documenting, and testing UI components in isolation",2016-03-18T04:23:44Z,2025-10-29T17:28:02Z,TypeScript,"angular,components,design-systems,documentation,html,javascript,react,react-native,stories,storybook,styleguide,svelte,testing,typescript,ui,vite,vue,web-components,webpack,workshop",88258,9742,,,,,,,,,
three.js,mrdoob,mrdoob/three.js,https://github.com/mrdoob/three.js,JavaScript 3D Library.,2010-03-23T18:58:01Z,2025-10-29T17:27:45Z,JavaScript,"3d,augmented-reality,canvas,html5,javascript,svg,virtual-reality,webaudio,webgl,webgl2,webgpu,webxr",109157,36051,,,,,,,,,
supabase,supabase,supabase/supabase,https://github.com/supabase/supabase,"The Postgres development platform. Supabase gives you a dedicated Postgres database to build your web, mobile, and AI applications.",2019-10-12T05:56:49Z,2025-10-29T19:11:48Z,TypeScript,"ai,alternative,auth,database,deno,embeddings,example,firebase,nextjs,oauth2,pgvector,postgis,postgres,postgresql,postgrest,realtime,supabase,vectors,websockets",90848,10348,,,,,,,,,
react,facebook,facebook/react,https://github.com/facebook/react,The library for web and native user interfaces.,2013-05-24T16:15:54Z,2025-10-29T19:05:14Z,JavaScript,"declarative,frontend,javascript,library,react,ui",240149,49691,,,,,,,,,
obs-studio,obsproject,obsproject/obs-studio,https://github.com/obsproject/obs-studio,OBS Studio - Free and open source software for live streaming and screen recording,2013-10-01T02:40:31Z,2025-10-29T17:35:32Z,C,"c,c-plus-plus,directshow,facebook-live,ffmpeg,game-capture,live-streaming,screen-capture,twitch-tv,video-recording,youtube-live",67753,8755,,,,,,,,,
ant-design,ant-design,ant-design/ant-design,https://github.com/ant-design/ant-design,An enterprise-class UI design language and React UI library,2015-04-24T15:37:24Z,2025-10-29T17:13:27Z,TypeScript,"ant-design,antd,design-systems,react,typescript,ui-kit,ui-library",96482,53896,,,,,,,,,
webpack,webpack,webpack/webpack,https://github.com/webpack/webpack,"A bundler for javascript and friends. Packs many modules into a few bundled assets. Code Splitting allows for loading parts of the application on demand. Through ""loaders"", modules can be CommonJs, AMD, ES6 modules, CSS, Images, JSON, Coffeescript, LESS, ... and your custom stuff.",2012-03-10T10:08:14Z,2025-10-29T19:08:36Z,JavaScript,"amd,build-tool,commonjs,compiler,es2015,es6,esm,javascript,javascript-compiler,javascript-modules,loaders,module-bundler,plugins,web,web-performance,webpack",65722,9162,,,,,,,,,
strapi,strapi,strapi/strapi,https://github.com/strapi/strapi,"üöÄ Strapi is the leading open-source headless CMS. It‚Äôs 100% JavaScript/TypeScript, fully customizable, and developer-first.",2015-09-30T15:34:48Z,2025-10-29T18:57:58Z,TypeScript,"api,cms,cms-framework,content-management,content-management-system,customizable,dashboard,graphql,hacktoberfest,headless-cms,jamstack,javascript,koa,koa2,mysql,no-code,nodejs,rest,strapi,typescript",70186,9228,,,,,,,,,
opencv,opencv,opencv/opencv,https://github.com/opencv/opencv,Open Source Computer Vision Library,2012-07-19T09:40:17Z,2025-10-29T16:39:38Z,C++,"c-plus-plus,computer-vision,deep-learning,image-processing,opencv",84659,56335,,,,,,,,,
langchain,langchain-ai,langchain-ai/langchain,https://github.com/langchain-ai/langchain,ü¶úüîó Build context-aware reasoning applications,2022-10-17T02:58:36Z,2025-10-29T18:57:28Z,Python,"agents,ai,ai-agents,ai-agents-framework,aiagentframework,anthropic,chatgpt,enterprise,framework,gemini,generative-ai,langchain,llm,multiagent,open-source,openai,pydantic,python,rag",118391,19491,,,,,,,,,
neovim,neovim,neovim/neovim,https://github.com/neovim/neovim,Vim-fork focused on extensibility and usability,2014-01-31T13:39:22Z,2025-10-29T17:52:09Z,Vim Script,"api,c,lua,neovim,nvim,text-editor,vim",93796,6376,,,,,,,,,
playwright,microsoft,microsoft/playwright,https://github.com/microsoft/playwright,"Playwright is a framework for Web Testing and Automation. It allows testing Chromium, Firefox and WebKit with a single API. ",2019-11-15T18:32:42Z,2025-10-29T18:27:39Z,TypeScript,"automation,chrome,chromium,e2e-testing,electron,end-to-end-testing,firefox,javascript,playwright,test,test-automation,testing,testing-tools,web,webkit",78748,4748,,,,,,,,,
electron,electron,electron/electron,https://github.com/electron/electron,":electron: Build cross-platform desktop apps with JavaScript, HTML, and CSS",2013-04-12T01:47:36Z,2025-10-29T19:08:12Z,C++,"c-plus-plus,chrome,css,electron,html,javascript,nodejs,v8,works-with-codespaces",118881,16593,,,,,,,,,
transformers,huggingface,huggingface/transformers,https://github.com/huggingface/transformers,"ü§ó Transformers: the model-definition framework for state-of-the-art machine learning models in text, vision, audio, and multimodal models, for both inference and training. ",2018-10-29T13:56:00Z,2025-10-29T19:01:53Z,Python,"audio,deep-learning,deepseek,gemma,glm,hacktoberfest,llm,machine-learning,model-hub,natural-language-processing,nlp,pretrained-models,python,pytorch,pytorch-transformers,qwen,speech-recognition,transformer,vlm",151811,30982,,,,,,,,,
protobuf,protocolbuffers,protocolbuffers/protobuf,https://github.com/protocolbuffers/protobuf,Protocol Buffers - Google's data interchange format,2014-08-26T15:52:15Z,2025-10-29T19:15:06Z,C++,"marshalling,protobuf,protobuf-runtime,protoc,protocol-buffers,protocol-compiler,rpc,serialization",69427,15922,,,,,,,,,
django,django,django/django,https://github.com/django/django,The Web framework for perfectionists with deadlines.,2012-04-28T02:47:18Z,2025-10-29T19:01:01Z,Python,"apps,django,framework,models,orm,python,templates,views,web",85593,33169,,,,,,,,,
material-ui,mui,mui/material-ui,https://github.com/mui/material-ui,Material UI: Comprehensive React component library that implements Google's Material Design. Free forever.,2014-08-18T19:11:54Z,2025-10-29T17:55:32Z,TypeScript,"design-system,material-design,material-ui,react,react-components",96892,32696,,,,,,,,,
react-native,facebook,facebook/react-native,https://github.com/facebook/react-native,A framework for building native applications using React,2015-01-09T18:10:16Z,2025-10-29T18:59:43Z,C++,"android,app-framework,cross-platform,ios,mobile,mobile-development,react,react-native",124355,24915,,,,,,,,,
TypeScript,microsoft,microsoft/TypeScript,https://github.com/microsoft/TypeScript,TypeScript is a superset of JavaScript that compiles to clean JavaScript output.,2014-06-17T15:28:39Z,2025-10-29T17:27:48Z,TypeScript,"javascript,language,typechecker,typescript",106572,13085,,,,,,,,,
zed,zed-industries,zed-industries/zed,https://github.com/zed-industries/zed,"Code at the speed of thought ‚Äì Zed is a high-performance, multiplayer code editor from the creators of Atom and Tree-sitter.",2021-02-20T03:01:06Z,2025-10-29T19:18:13Z,Rust,"gpui,rust-lang,text-editor,zed",68694,5742,,,,,,,,,
superset,apache,apache/superset,https://github.com/apache/superset,Apache Superset is a Data Visualization and Data Exploration Platform,2015-07-21T18:55:34Z,2025-10-29T17:37:13Z,TypeScript,"analytics,apache,apache-superset,asf,bi,business-analytics,business-intelligence,data-analysis,data-analytics,data-engineering,data-science,data-visualization,data-viz,flask,python,react,sql-editor,superset",68692,16067,,,,,,,,,
bitcoin,bitcoin,bitcoin/bitcoin,https://github.com/bitcoin/bitcoin,Bitcoin Core integration/staging tree,2010-12-19T15:16:43Z,2025-10-29T18:52:18Z,C++,"bitcoin,c-plus-plus,cryptocurrency,cryptography,p2p",86499,38127,,,,,,,,,
moby,moby,moby/moby,https://github.com/moby/moby,The Moby Project - a collaborative project for the container ecosystem to assemble container-based systems,2013-01-18T18:10:57Z,2025-10-29T17:17:44Z,Go,"containers,docker,go,golang",70976,18822,,,,,,,,,
node,nodejs,nodejs/node,https://github.com/nodejs/node,Node.js JavaScript runtime ‚ú®üê¢üöÄ‚ú®,2014-11-26T19:57:11Z,2025-10-29T17:45:49Z,JavaScript,"javascript,js,linux,macos,mit,node,nodejs,runtime,windows",114046,33604,,,,,,,,,
freeCodeCamp,freeCodeCamp,freeCodeCamp/freeCodeCamp,https://github.com/freeCodeCamp/freeCodeCamp,"freeCodeCamp.org's open-source codebase and curriculum. Learn math, programming, and computer science for free.",2014-12-24T17:49:19Z,2025-10-29T19:10:50Z,TypeScript,"careers,certification,community,curriculum,d3,education,freecodecamp,javascript,learn-to-code,math,nodejs,nonprofits,programming,react,teachers",430935,42158,,,,,,,,,
next.js,vercel,vercel/next.js,https://github.com/vercel/next.js,The React Framework,2016-10-05T23:32:51Z,2025-10-29T19:09:42Z,JavaScript,"blog,browser,compiler,components,hybrid,nextjs,node,react,server-rendering,ssg,static,static-site-generator,universal,vercel",135356,29701,,,,,,,,,
angular,angular,angular/angular,https://github.com/angular/angular,Deliver web apps with confidence üöÄ,2014-09-18T16:12:01Z,2025-10-29T17:58:04Z,TypeScript,"angular,javascript,pwa,typescript,web,web-framework,web-performance",99180,26731,,,,,,,,,
godot,godotengine,godotengine/godot,https://github.com/godotengine/godot,Godot Engine ‚Äì Multi-platform 2D and 3D game engine,2014-01-04T16:05:36Z,2025-10-29T18:21:41Z,C++,"game-development,game-engine,gamedev,godot,godotengine,multi-platform,open-source",102685,23461,,,,,,,,,
vscode,microsoft,microsoft/vscode,https://github.com/microsoft/vscode,Visual Studio Code,2015-09-03T20:23:38Z,2025-10-29T18:21:54Z,TypeScript,"editor,electron,microsoft,typescript,visual-studio-code",178007,35827,,,,,,,,,
swift,swiftlang,swiftlang/swift,https://github.com/swiftlang/swift,The Swift Programming Language,2015-10-23T21:15:07Z,2025-10-29T18:13:39Z,C++,,69222,10565,,,,,,,,,
grafana,grafana,grafana/grafana,https://github.com/grafana/grafana,"The open and composable observability and data visualization platform. Visualize metrics, logs, and traces from multiple sources like Prometheus, Loki, Elasticsearch, InfluxDB, Postgres and many more. ",2013-12-11T15:59:56Z,2025-10-29T19:08:12Z,TypeScript,"alerting,analytics,business-intelligence,dashboard,data-visualization,elasticsearch,go,grafana,hacktoberfest,influxdb,metrics,monitoring,mysql,postgres,prometheus",70576,13133,,,,,,,,,
rust,rust-lang,rust-lang/rust,https://github.com/rust-lang/rust,Empowering everyone to build reliable and efficient software.,2010-06-16T20:39:03Z,2025-10-29T18:42:49Z,Rust,"compiler,language,rust",107493,13904,,,,,,,,,
kubernetes,kubernetes,kubernetes/kubernetes,https://github.com/kubernetes/kubernetes,Production-Grade Container Scheduling and Management,2014-06-06T22:56:04Z,2025-10-29T19:10:12Z,Go,"cncf,containers,go,kubernetes",118274,41603,,,,,,,,,
elasticsearch,elastic,elastic/elasticsearch,https://github.com/elastic/elasticsearch,"Free and Open Source, Distributed, RESTful Search Engine",2010-02-08T13:20:56Z,2025-10-29T18:42:12Z,Java,"elasticsearch,java,search-engine",75301,25588,,,,,,,,,
